{
  "condition": "abnormal",
  "modes": {
    "baseline_uncropped": {
      "threshold": 0.6282808681329092,
      "per_plane": {
        "axial": {
          "auc": [
            0.8223157894736842,
            0.7254122307117699,
            0.90705
          ],
          "sensitivity": [
            0.35789473684210527,
            0.2608695652173913,
            0.46943190737833596
          ],
          "specificity": [
            0.96,
            0.8694927536231883,
            1.0
          ],
          "f1": [
            0.5230769230769231,
            0.41313846362281537,
            0.6338198154443905
          ]
        },
        "coronal": {
          "auc": [
            0.7823157894736842,
            0.6827291439563477,
            0.8784799427696591
          ],
          "sensitivity": [
            0.9157894736842105,
            0.8522530378037804,
            0.978027950310559
          ],
          "specificity": [
            0.48,
            0.2857142857142857,
            0.68
          ],
          "f1": [
            0.8923076923076924,
            0.84375,
            0.9359762105010212
          ]
        },
        "sagittal": {
          "auc": [
            0.9098947368421052,
            0.8581014952153111,
            0.9554095909871811
          ],
          "sensitivity": [
            0.9157894736842105,
            0.8539077990746861,
            0.967741935483871
          ],
          "specificity": [
            0.6,
            0.41379310344827586,
            0.7826863354037267
          ],
          "f1": [
            0.90625,
            0.8603321919865441,
            0.945273631840796
          ]
        }
      },
      "fused": {
        "auc": [
          0.8749473684210526,
          0.8027739656284919,
          0.9364601820428082
        ],
        "sensitivity": [
          0.8947368421052632,
          0.8333333333333334,
          0.9489795918367347
        ],
        "specificity": [
          0.6,
          0.391304347826087,
          0.7894736842105263
        ],
        "f1": [
          0.8947368421052632,
          0.849421458625526,
          0.9353445538266115
        ]
      }
    },
    "baseline_cropped": {
      "threshold": 0.6194077928860983,
      "per_plane": {
        "axial": {
          "auc": [
            0.8593684210526317,
            0.775215610392521,
            0.933912029176885
          ],
          "sensitivity": [
            0.8631578947368421,
            0.7920792079207921,
            0.934083850931677
          ],
          "specificity": [
            0.6,
            0.4136755485893417,
            0.8
          ],
          "f1": [
            0.8770053475935828,
            0.8228571428571428,
            0.925531914893617
          ]
        },
        "coronal": {
          "auc": [
            0.7869473684210526,
            0.6743581583829704,
            0.8819972826086956
          ],
          "sensitivity": [
            0.8421052631578947,
            0.764674256799494,
            0.9108965896589659
          ],
          "specificity": [
            0.56,
            0.3665,
            0.7391304347826086
          ],
          "f1": [
            0.8602150537634409,
            0.7999453551912569,
            0.9072164948453608
          ]
        },
        "sagittal": {
          "auc": [
            0.9322105263157895,
            0.8604467124207638,
            0.9807938664596274
          ],
          "sensitivity": [
            0.9894736842105263,
            0.9603760376037603,
            1.0
          ],
          "specificity": [
            0.56,
            0.3570852534562212,
            0.75
          ],
          "f1": [
            0.94,
            0.9015402965166983,
            0.970873786407767
          ]
        }
      },
      "fused": {
        "auc": [
          0.9010526315789473,
          0.8327588848039215,
          0.9541750722471137
        ],
        "sensitivity": [
          0.9157894736842105,
          0.8556701030927835,
          0.9666666666666667
        ],
        "specificity": [
          0.6,
          0.39281832298136643,
          0.8077380952380953
        ],
        "f1": [
          0.90625,
          0.8617021276595744,
          0.9441624365482234
        ]
      }
    }
  },
  "matrix_2x2": {
    "cells_fused_auc": {
      "baseline_uncropped": 0.8749473684210526,
      "baseline_cropped": 0.9010526315789473,
      "comparative_uncropped": null,
      "comparative_cropped": null
    },
    "effects": {
      "note": "Full 2x2 effects need all four cells (comparative requires Role 3)."
    }
  }
}