{
  "condition": "acl",
  "modes": {
    "baseline_uncropped": {
      "threshold": 0.48978592207034427,
      "per_plane": {
        "axial": {
          "auc": [
            0.8577441077441078,
            0.7827289344418165,
            0.9169518614342833
          ],
          "sensitivity": [
            0.5370370370370371,
            0.39654359141184126,
            0.6792854275391408
          ],
          "specificity": [
            0.9242424242424242,
            0.8507276119402986,
            0.9838709677419355
          ],
          "f1": [
            0.6590909090909091,
            0.5263157894736842,
            0.7654823428079242
          ]
        },
        "coronal": {
          "auc": [
            0.8103254769921436,
            0.7360619903960275,
            0.8876407279659142
          ],
          "sensitivity": [
            0.7222222222222222,
            0.5956658786446021,
            0.8333333333333334
          ],
          "specificity": [
            0.7575757575757576,
            0.6490919199406968,
            0.8524710703953712
          ],
          "f1": [
            0.7155963302752294,
            0.6067245488593803,
            0.8073940585408476
          ]
        },
        "sagittal": {
          "auc": [
            0.9579124579124579,
            0.9235233165272229,
            0.9860115694527942
          ],
          "sensitivity": [
            0.7962962962962963,
            0.6908777429467085,
            0.9000409836065574
          ],
          "specificity": [
            0.9696969696969697,
            0.9264705882352942,
            1.0
          ],
          "f1": [
            0.8686868686868687,
            0.792068894389439,
            0.9361702127659575
          ]
        }
      },
      "fused": {
        "auc": [
          0.9225589225589226,
          0.8698296814545216,
          0.9620552624458875
        ],
        "sensitivity": [
          0.7037037037037037,
          0.5799736842105263,
          0.8181818181818182
        ],
        "specificity": [
          0.8939393939393939,
          0.8115629685157422,
          0.9649122807017544
        ],
        "f1": [
          0.7676767676767676,
          0.666504854368932,
          0.8474668386145909
        ]
      }
    },
    "baseline_cropped": {
      "threshold": 0.3306737045447032,
      "per_plane": {
        "axial": {
          "auc": [
            0.9228395061728395,
            0.8749930555555555,
            0.9633449596212753
          ],
          "sensitivity": [
            0.7222222222222222,
            0.6,
            0.8333333333333334
          ],
          "specificity": [
            0.9090909090909091,
            0.8356121033466274,
            0.9696969696969697
          ],
          "f1": [
            0.7878787878787878,
            0.6964753879079723,
            0.8656965174129353
          ]
        },
        "coronal": {
          "auc": [
            0.8731762065095399,
            0.8090888049485999,
            0.935546875
          ],
          "sensitivity": [
            0.9629629629629629,
            0.9090909090909091,
            1.0
          ],
          "specificity": [
            0.2878787878787879,
            0.18838315217391305,
            0.38891242937853104
          ],
          "f1": [
            0.6797385620915033,
            0.5857142857142857,
            0.755821043675553
          ]
        },
        "sagittal": {
          "auc": [
            0.9475308641975309,
            0.909737973931027,
            0.9811096847026273
          ],
          "sensitivity": [
            0.8703703703703703,
            0.7719298245614035,
            0.9555797101449276
          ],
          "specificity": [
            0.8787878787878788,
            0.7941059757236227,
            0.953125
          ],
          "f1": [
            0.8623853211009175,
            0.7871408203553412,
            0.9295836422041018
          ]
        }
      },
      "fused": {
        "auc": [
          0.9450056116722784,
          0.8991252232142857,
          0.9786179002196609
        ],
        "sensitivity": [
          0.9444444444444444,
          0.88,
          1.0
        ],
        "specificity": [
          0.803030303030303,
          0.6935483870967742,
          0.9000409836065574
        ],
        "f1": [
          0.864406779661017,
          0.7863247863247863,
          0.9219373686974789
        ]
      }
    }
  },
  "matrix_2x2": {
    "cells_fused_auc": {
      "baseline_uncropped": 0.9225589225589226,
      "baseline_cropped": 0.9450056116722784,
      "comparative_uncropped": null,
      "comparative_cropped": null
    },
    "effects": {
      "note": "Full 2x2 effects need all four cells (comparative requires Role 3)."
    }
  }
}