{
  "cropping_effect_baseline": {
    "auc_diff_b_minus_a": 0.026105263157894742,
    "ci_low": -0.025576036096256635,
    "ci_high": 0.07640071186778181,
    "p_two_sided": 0.33,
    "significant_at_0.05": false
  }
}