{
  "condition": "abnormal",
  "modes": {
    "baseline_uncropped": {
      "threshold": 0.5,
      "per_plane": {
        "axial": {
          "auc": [
            0.8223157894736842,
            0.7205587378384792,
            0.9078295987493485
          ],
          "sensitivity": [
            0.8,
            0.7070569828722003,
            0.8804347826086957
          ],
          "specificity": [
            0.68,
            0.48,
            0.8572660098522166
          ],
          "f1": [
            0.8491620111731844,
            0.7840792796384901,
            0.8994841269841269
          ]
        },
        "coronal": {
          "auc": [
            0.7823157894736842,
            0.6736021241221867,
            0.8765506607261926
          ],
          "sensitivity": [
            0.9578947368421052,
            0.9081632653061225,
            0.98989898989899
          ],
          "specificity": [
            0.4,
            0.2,
            0.6
          ],
          "f1": [
            0.9054726368159204,
            0.8588203324808183,
            0.9458128078817734
          ]
        },
        "sagittal": {
          "auc": [
            0.9098947368421052,
            0.8517136309069082,
            0.9576768194204321
          ],
          "sensitivity": [
            0.968421052631579,
            0.9299852941176471,
            1.0
          ],
          "specificity": [
            0.44,
            0.25,
            0.64
          ],
          "f1": [
            0.9154228855721394,
            0.8730775461712927,
            0.9523809523809523
          ]
        }
      },
      "fused": {
        "auc": [
          0.8749473684210526,
          0.8027739656284919,
          0.9364601820428082
        ],
        "sensitivity": [
          0.9473684210526315,
          0.9031941808981657,
          0.9891333567087424
        ],
        "specificity": [
          0.44,
          0.22723607038123167,
          0.6316985645933013
        ],
        "f1": [
          0.9045226130653267,
          0.8615025906735752,
          0.9434224318658281
        ]
      }
    },
    "comparative_uncropped": {
      "threshold": 0.5,
      "per_plane": {
        "axial": {
          "auc": [
            0.719157894736842,
            0.6092260342860192,
            0.8249256932680845
          ],
          "sensitivity": [
            0.9157894736842105,
            0.8555149812734082,
            0.9674000701262272
          ],
          "specificity": [
            0.28,
            0.10714285714285714,
            0.46166666666666656
          ],
          "f1": [
            0.87,
            0.8167539267015707,
            0.9154228855721394
          ]
        },
        "coronal": {
          "auc": [
            0.5646315789473685,
            0.4234809467522233,
            0.7039902307143686
          ],
          "sensitivity": [
            0.14736842105263157,
            0.08331185567010309,
            0.22552304426925407
          ],
          "specificity": [
            0.92,
            0.8,
            1.0
          ],
          "f1": [
            0.25225225225225223,
            0.15090812907776405,
            0.3620723594895466
          ]
        },
        "sagittal": {
          "auc": [
            0.8328421052631579,
            0.7291909901733773,
            0.9191615154450502
          ],
          "sensitivity": [
            0.9578947368421052,
            0.9120385232744783,
            0.9897959183673469
          ],
          "specificity": [
            0.44,
            0.25,
            0.6428571428571429
          ],
          "f1": [
            0.91,
            0.8673469387755102,
            0.9493260368663594
          ]
        }
      },
      "fused": {
        "auc": [
          0.8134736842105263,
          0.7088537060311254,
          0.9029732011283735
        ],
        "sensitivity": [
          0.968421052631579,
          0.9285530191458027,
          1.0
        ],
        "specificity": [
          0.24,
          0.08695652173913043,
          0.42857142857142855
        ],
        "f1": [
          0.8932038834951457,
          0.845771144278607,
          0.9352146464646465
        ]
      }
    }
  },
  "matrix_2x2": {
    "cells_fused_auc": {
      "baseline_uncropped": 0.8749473684210526,
      "baseline_cropped": null,
      "comparative_uncropped": 0.8134736842105263,
      "comparative_cropped": null
    },
    "effects": {
      "note": "Full 2x2 effects need all four cells (comparative requires Role 3)."
    }
  }
}