{
  "condition": "acl",
  "modes": {
    "baseline_uncropped": {
      "threshold": 0.5,
      "per_plane": {
        "axial": {
          "auc": [
            0.8577441077441078,
            0.7888581764597632,
            0.9152673046197282
          ],
          "sensitivity": [
            0.5370370370370371,
            0.3934279859484777,
            0.674000701262272
          ],
          "specificity": [
            0.9242424242424242,
            0.8490423098913665,
            0.9838773681515617
          ],
          "f1": [
            0.6590909090909091,
            0.5332911392405063,
            0.7692307692307693
          ]
        },
        "coronal": {
          "auc": [
            0.8103254769921436,
            0.7295041998019866,
            0.8795964761319786
          ],
          "sensitivity": [
            0.6666666666666666,
            0.5357142857142857,
            0.7884868421052631
          ],
          "specificity": [
            0.7575757575757576,
            0.637924787606197,
            0.859375
          ],
          "f1": [
            0.6792452830188679,
            0.5655928214180641,
            0.7716604503384444
          ]
        },
        "sagittal": {
          "auc": [
            0.9579124579124579,
            0.9222316632958706,
            0.9865763362794612
          ],
          "sensitivity": [
            0.7777777777777778,
            0.6666666666666666,
            0.8775510204081632
          ],
          "specificity": [
            0.9696969696969697,
            0.921875,
            1.0
          ],
          "f1": [
            0.8571428571428571,
            0.7777777777777778,
            0.9230769230769231
          ]
        }
      },
      "fused": {
        "auc": [
          0.9225589225589226,
          0.8698296814545216,
          0.9620552624458875
        ],
        "sensitivity": [
          0.7037037037037037,
          0.5799736842105263,
          0.8181818181818182
        ],
        "specificity": [
          0.9242424242424242,
          0.86106220657277,
          0.9830508474576272
        ],
        "f1": [
          0.7835051546391752,
          0.6829124820659972,
          0.864242077128675
        ]
      }
    },
    "comparative_uncropped": {
      "threshold": 0.5,
      "per_plane": {
        "axial": {
          "auc": [
            0.6147586980920314,
            0.5097559304057774,
            0.712926302233041
          ],
          "sensitivity": [
            0.2962962962962963,
            0.18177272727272728,
            0.4237738910926793
          ],
          "specificity": [
            0.7121212121212122,
            0.59375,
            0.8182133838383838
          ],
          "f1": [
            0.3595505617977528,
            0.2325134168157424,
            0.48484848484848486
          ]
        },
        "coronal": {
          "auc": [
            0.8526936026936027,
            0.776913090391935,
            0.9155313289141414
          ],
          "sensitivity": [
            0.46296296296296297,
            0.3333333333333333,
            0.6036398467432949
          ],
          "specificity": [
            0.9242424242424242,
            0.8507276119402986,
            0.9841269841269841
          ],
          "f1": [
            0.5952380952380952,
            0.45068661971830987,
            0.708902398401066
          ]
        },
        "sagittal": {
          "auc": [
            0.7373737373737372,
            0.6382834335109425,
            0.8242661483189025
          ],
          "sensitivity": [
            0.8333333333333334,
            0.7222222222222222,
            0.918408163265306
          ],
          "specificity": [
            0.48484848484848486,
            0.35815784093232467,
            0.61843671679198
          ],
          "f1": [
            0.6766917293233082,
            0.5692276422764228,
            0.7555855855855855
          ]
        }
      },
      "fused": {
        "auc": [
          0.8148148148148148,
          0.7296867063492064,
          0.888207818338603
        ],
        "sensitivity": [
          0.5740740740740741,
          0.43478260869565216,
          0.7083522727272727
        ],
        "specificity": [
          0.9090909090909091,
          0.8355593607305937,
          0.9705882352941176
        ],
        "f1": [
          0.6813186813186813,
          0.5580414681983749,
          0.7843137254901961
        ]
      }
    }
  },
  "matrix_2x2": {
    "cells_fused_auc": {
      "baseline_uncropped": 0.9225589225589226,
      "baseline_cropped": null,
      "comparative_uncropped": 0.8148148148148148,
      "comparative_cropped": null
    },
    "effects": {
      "note": "Full 2x2 effects need all four cells (comparative requires Role 3)."
    }
  }
}