{
  "condition": "meniscus",
  "modes": {
    "baseline_uncropped": {
      "threshold": 0.5,
      "per_plane": {
        "axial": {
          "auc": [
            0.7273755656108597,
            0.6365311608144941,
            0.8158482189016136
          ],
          "sensitivity": [
            0.8461538461538461,
            0.7450980392156863,
            0.9387755102040817
          ],
          "specificity": [
            0.5441176470588235,
            0.42857142857142855,
            0.6612965260545905
          ],
          "f1": [
            0.6929133858267716,
            0.5892087438423645,
            0.7794300166875261
          ]
        },
        "coronal": {
          "auc": [
            0.7440610859728507,
            0.6532246035421363,
            0.8313108247045202
          ],
          "sensitivity": [
            0.5576923076923077,
            0.4199838709677419,
            0.6956715838509316
          ],
          "specificity": [
            0.75,
            0.6428571428571429,
            0.8591549295774648
          ],
          "f1": [
            0.5918367346938775,
            0.456501100715465,
            0.7091206457094308
          ]
        },
        "sagittal": {
          "auc": [
            0.7910067873303167,
            0.7001585243201178,
            0.8724556033350841
          ],
          "sensitivity": [
            0.8461538461538461,
            0.7333035714285714,
            0.9361702127659575
          ],
          "specificity": [
            0.6764705882352942,
            0.5599830508474577,
            0.7838045738045738
          ],
          "f1": [
            0.7457627118644068,
            0.6414911155889357,
            0.8292773261065943
          ]
        }
      },
      "fused": {
        "auc": [
          0.8059954751131222,
          0.7191279791703055,
          0.8809913047478838
        ],
        "sensitivity": [
          0.8461538461538461,
          0.7399782608695652,
          0.9348172987974098
        ],
        "specificity": [
          0.6323529411764706,
          0.5166532258064517,
          0.7469145569620252
        ],
        "f1": [
          0.7272727272727273,
          0.6235984967115565,
          0.8088319488100584
        ]
      }
    },
    "comparative_uncropped": {
      "threshold": 0.5,
      "per_plane": {
        "axial": {
          "auc": [
            0.5927601809954751,
            0.4972204664513419,
            0.6934387245320117
          ],
          "sensitivity": [
            0.7884615384615384,
            0.6739130434782609,
            0.9
          ],
          "specificity": [
            0.35294117647058826,
            0.241357485814055,
            0.4558888028895769
          ],
          "f1": [
            0.5985401459854015,
            0.4963447066146099,
            0.684931506849315
          ]
        },
        "coronal": {
          "auc": [
            0.7946832579185521,
            0.7144177825638739,
            0.8775149385736413
          ],
          "sensitivity": [
            0.36538461538461536,
            0.2320684523809524,
            0.5
          ],
          "specificity": [
            0.8823529411764706,
            0.8,
            0.9558823529411765
          ],
          "f1": [
            0.4810126582278481,
            0.32899418405747516,
            0.6190476190476191
          ]
        },
        "sagittal": {
          "auc": [
            0.6883484162895926,
            0.588134980981199,
            0.7792469100316183
          ],
          "sensitivity": [
            0.8076923076923077,
            0.6956337509211495,
            0.9090909090909091
          ],
          "specificity": [
            0.4117647058823529,
            0.28975155279503106,
            0.5303030303030303
          ],
          "f1": [
            0.6268656716417911,
            0.5238095238095238,
            0.7153557032356466
          ]
        }
      },
      "fused": {
        "auc": [
          0.7582013574660634,
          0.6640659312192497,
          0.8409285462481113
        ],
        "sensitivity": [
          0.7692307692307693,
          0.6458333333333334,
          0.875
        ],
        "specificity": [
          0.6617647058823529,
          0.5466666666666666,
          0.7727272727272727
        ],
        "f1": [
          0.6956521739130435,
          0.5767857142857142,
          0.7796694915254238
        ]
      }
    }
  },
  "matrix_2x2": {
    "cells_fused_auc": {
      "baseline_uncropped": 0.8059954751131222,
      "baseline_cropped": null,
      "comparative_uncropped": 0.7582013574660634,
      "comparative_cropped": null
    },
    "effects": {
      "note": "Full 2x2 effects need all four cells (comparative requires Role 3)."
    }
  }
}