{
  "condition": "meniscus",
  "modes": {
    "baseline_uncropped": {
      "threshold": 0.38553526004155475,
      "per_plane": {
        "axial": {
          "auc": [
            0.7273755656108597,
            0.6270726698559524,
            0.8108098642369794
          ],
          "sensitivity": [
            0.8846153846153846,
            0.7903225806451613,
            0.9629797979797979
          ],
          "specificity": [
            0.5,
            0.3823179271708683,
            0.6217060810810809
          ],
          "f1": [
            0.696969696969697,
            0.6046511627906976,
            0.7832309582309582
          ]
        },
        "coronal": {
          "auc": [
            0.7440610859728507,
            0.652981387867647,
            0.8277317445286194
          ],
          "sensitivity": [
            0.7692307692307693,
            0.6326262083780881,
            0.8846153846153846
          ],
          "specificity": [
            0.6617647058823529,
            0.5573711943793911,
            0.7746478873239436
          ],
          "f1": [
            0.6956521739130435,
            0.5933862433862434,
            0.78335
          ]
        },
        "sagittal": {
          "auc": [
            0.7910067873303167,
            0.7093269246743754,
            0.8719170865898807
          ],
          "sensitivity": [
            0.8846153846153846,
            0.7924528301886793,
            0.9649122807017544
          ],
          "specificity": [
            0.5735294117647058,
            0.4647632169830578,
            0.6935707885304659
          ],
          "f1": [
            0.7244094488188977,
            0.6285351089588378,
            0.811616847826087
          ]
        }
      },
      "fused": {
        "auc": [
          0.8059954751131222,
          0.7191279791703055,
          0.8809913047478838
        ],
        "sensitivity": [
          0.9038461538461539,
          0.8162672045562411,
          0.9791666666666666
        ],
        "specificity": [
          0.5294117647058824,
          0.41174456083803385,
          0.6515151515151515
        ],
        "f1": [
          0.7175572519083969,
          0.6153846153846154,
          0.7941228619107217
        ]
      }
    },
    "baseline_cropped": {
      "threshold": 0.47889647881189984,
      "per_plane": {
        "axial": {
          "auc": [
            0.7794117647058824,
            0.687985746352413,
            0.8495490031029247
          ],
          "sensitivity": [
            0.9807692307692307,
            0.9374667553191489,
            1.0
          ],
          "specificity": [
            0.29411764705882354,
            0.1966643897996357,
            0.4058084239130435
          ],
          "f1": [
            0.6754966887417219,
            0.5827641593357714,
            0.7574056378404205
          ]
        },
        "coronal": {
          "auc": [
            0.807975113122172,
            0.7247187001594897,
            0.8827465068968264
          ],
          "sensitivity": [
            0.8076923076923077,
            0.6976432724252492,
            0.9039244186046511
          ],
          "specificity": [
            0.6323529411764706,
            0.519439935064935,
            0.7432432432432432
          ],
          "f1": [
            0.7058823529411765,
            0.6095238095238096,
            0.787929717341482
          ]
        },
        "sagittal": {
          "auc": [
            0.73670814479638,
            0.63643654426915,
            0.8174631842178383
          ],
          "sensitivity": [
            0.8461538461538461,
            0.7407407407407407,
            0.9361702127659575
          ],
          "specificity": [
            0.4264705882352941,
            0.3150276017174402,
            0.5454545454545454
          ],
          "f1": [
            0.6518518518518519,
            0.5537795275590551,
            0.7412587412587412
          ]
        }
      },
      "fused": {
        "auc": [
          0.8223981900452488,
          0.7391086896118487,
          0.8917181350709914
        ],
        "sensitivity": [
          0.9423076923076923,
          0.8713819875776397,
          1.0
        ],
        "specificity": [
          0.39705882352941174,
          0.2753623188405797,
          0.5151515151515151
        ],
        "f1": [
          0.6901408450704225,
          0.5853658536585366,
          0.7656402191558441
        ]
      }
    },
    "comparative_uncropped": {
      "threshold": 0.46884919206301373,
      "per_plane": {
        "axial": {
          "auc": [
            0.5930429864253394,
            0.48824899250565607,
            0.6919462545252018
          ],
          "sensitivity": [
            0.7884615384615384,
            0.6725757575757576,
            0.8928761398176293
          ],
          "specificity": [
            0.3382352941176471,
            0.23332191780821918,
            0.45591386554621843
          ],
          "f1": [
            0.5942028985507246,
            0.48774210903873744,
            0.6887417218543046
          ]
        },
        "coronal": {
          "auc": [
            0.7949660633484164,
            0.7138308823529412,
            0.8741431913116123
          ],
          "sensitivity": [
            0.36538461538461536,
            0.24488662131519273,
            0.5106501182033096
          ],
          "specificity": [
            0.8823529411764706,
            0.8059028627355028,
            0.9545624151967436
          ],
          "f1": [
            0.4810126582278481,
            0.34779710144927534,
            0.6173280423280423
          ]
        },
        "sagittal": {
          "auc": [
            0.6883484162895926,
            0.5787649347040845,
            0.7807311431032361
          ],
          "sensitivity": [
            0.8076923076923077,
            0.6808109193095142,
            0.9107142857142857
          ],
          "specificity": [
            0.35294117647058826,
            0.23809523809523808,
            0.46298309178743957
          ],
          "f1": [
            0.6086956521739131,
            0.5074626865671642,
            0.7020232929892669
          ]
        }
      },
      "fused": {
        "auc": [
          0.7584841628959277,
          0.6640659312192497,
          0.8409285462481113
        ],
        "sensitivity": [
          0.8076923076923077,
          0.6938383045525902,
          0.9090909090909091
        ],
        "specificity": [
          0.5735294117647058,
          0.4482758620689655,
          0.6970057720057721
        ],
        "f1": [
          0.6829268292682927,
          0.5714285714285714,
          0.7703703703703704
        ]
      }
    },
    "comparative_cropped": {
      "threshold": 0.5280514235297838,
      "per_plane": {
        "axial": {
          "auc": [
            0.6855203619909502,
            0.5964769119362755,
            0.7862974827641493
          ],
          "sensitivity": [
            0.46153846153846156,
            0.32691326530612247,
            0.5966831140350876
          ],
          "specificity": [
            0.7941176470588235,
            0.6983766233766233,
            0.8906566722972973
          ],
          "f1": [
            0.5333333333333333,
            0.4053968525487513,
            0.6543138819238659
          ]
        },
        "coronal": {
          "auc": [
            0.8026018099547512,
            0.7167868110921167,
            0.8745826710182178
          ],