{
  "cropping_effect_baseline": {
    "auc_diff_b_minus_a": 0.02244668911335579,
    "ci_low": -0.0011563624637287268,
    "ci_high": 0.05358214285714277,
    "p_two_sided": 0.066,
    "significant_at_0.05": false
  },
  "cropping_effect_comparative": {
    "auc_diff_b_minus_a": 0.014029180695847354,
    "ci_low": -0.05694356022282475,
    "ci_high": 0.0956838047979899,
    "p_two_sided": 0.724,
    "significant_at_0.05": false
  },
  "pretraining_effect_uncropped": {
    "auc_diff_b_minus_a": -0.10774410774410781,
    "ci_low": -0.1870099817264043,
    "ci_high": -0.03479450062751153,
    "p_two_sided": 0.004,
    "significant_at_0.05": true
  },
  "pretraining_effect_cropped": {
    "auc_diff_b_minus_a": -0.11616161616161624,
    "ci_low": -0.18505018974267085,
    "ci_high": -0.05065845560192053,
    "p_two_sided": 0.0,
    "significant_at_0.05": true
  }
}