{
  "condition": "meniscus",
  "modes": {
    "baseline_uncropped": {
      "threshold": 0.5,
      "per_plane": {
        "axial": {
          "auc": [
            0.7273755656108597,
            0.6365311608144941,
            0.8158482189016136
          ],
          "sensitivity": [
            0.8461538461538461,
            0.7450980392156863,
            0.9387755102040817
          ],
          "specificity": [
            0.5441176470588235,
            0.42857142857142855,
            0.6612965260545905
          ],
          "f1": [
            0.6929133858267716,
            0.5892087438423645,
            0.7794300166875261
          ]
        },
        "coronal": {
          "auc": [
            0.7440610859728507,
            0.6532246035421363,
            0.8313108247045202
          ],
          "sensitivity": [
            0.5576923076923077,
            0.4199838709677419,
            0.6956715838509316
          ],
          "specificity": [
            0.75,
            0.6428571428571429,
            0.8591549295774648
          ],
          "f1": [
            0.5918367346938775,
            0.456501100715465,
            0.7091206457094308
          ]
        },
        "sagittal": {
          "auc": [
            0.7910067873303167,
            0.7001585243201178,
            0.8724556033350841
          ],
          "sensitivity": [
            0.8461538461538461,
            0.7333035714285714,
            0.9361702127659575
          ],
          "specificity": [
            0.6764705882352942,
            0.5599830508474577,
            0.7838045738045738
          ],
          "f1": [
            0.7457627118644068,
            0.6414911155889357,
            0.8292773261065943
          ]
        }
      },
      "fused": {
        "auc": [
          0.8059954751131222,
          0.7191279791703055,
          0.8809913047478838
        ],
        "sensitivity": [
          0.8461538461538461,
          0.7399782608695652,
          0.9348172987974098
        ],
        "specificity": [
          0.6323529411764706,
          0.5166532258064517,
          0.7469145569620252
        ],
        "f1": [
          0.7272727272727273,
          0.6235984967115565,
          0.8088319488100584
        ]
      }
    },
    "baseline_cropped": {
      "threshold": 0.5,
      "per_plane": {
        "axial": {
          "auc": [
            0.7794117647058824,
            0.6918184624017958,
            0.852527564210173
          ],
          "sensitivity": [
            0.9807692307692307,
            0.9332954545454546,
            1.0
          ],
          "specificity": [
            0.3235294117647059,
            0.21535714285714286,
            0.42424242424242425
          ],
          "f1": [
            0.6845637583892618,
            0.5969544171036708,
            0.7643587324054416
          ]
        },
        "coronal": {
          "auc": [
            0.807975113122172,
            0.7305818600004647,
            0.8856629319510899
          ],
          "sensitivity": [
            0.8076923076923077,
            0.7,
            0.9166666666666666
          ],
          "specificity": [
            0.6764705882352942,
            0.5675574828559903,
            0.794179960119641
          ],
          "f1": [
            0.7241379310344828,
            0.6213592233009708,
            0.8125127032520325
          ]
        },
        "sagittal": {
          "auc": [
            0.73670814479638,
            0.6323427110161852,
            0.8189831790432899
          ],
          "sensitivity": [
            0.8269230769230769,
            0.7142063492063492,
            0.9250231481481481
          ],
          "specificity": [
            0.4411764705882353,
            0.3188241106719367,
            0.5526619433198381
          ],
          "f1": [
            0.6466165413533834,
            0.5360662391427875,
            0.7348047914818101
          ]
        }
      },
      "fused": {
        "auc": [
          0.8223981900452488,
          0.7391086896118487,
          0.8917181350709914
        ],
        "sensitivity": [
          0.9423076923076923,
          0.8713819875776397,
          1.0
        ],
        "specificity": [
          0.4411764705882353,
          0.3194444444444444,
          0.5571428571428572
        ],
        "f1": [
          0.7050359712230215,
          0.5999606299212599,
          0.7801747217134
        ]
      }
    }
  },
  "matrix_2x2": {
    "cells_fused_auc": {
      "baseline_uncropped": 0.8059954751131222,
      "baseline_cropped": 0.8223981900452488,
      "comparative_uncropped": null,
      "comparative_cropped": null
    },
    "effects": {
      "note": "Full 2x2 effects need all four cells (comparative requires Role 3)."
    }
  }
}