{
  "condition": "acl",
  "modes": {
    "baseline_uncropped": {
      "threshold": 0.5,
      "per_plane": {
        "axial": {
          "auc": [
            0.8577441077441078,
            0.7888581764597632,
            0.9152673046197282
          ],
          "sensitivity": [
            0.5370370370370371,
            0.3934279859484777,
            0.674000701262272
          ],
          "specificity": [
            0.9242424242424242,
            0.8490423098913665,
            0.9838773681515617
          ],
          "f1": [
            0.6590909090909091,
            0.5332911392405063,
            0.7692307692307693
          ]
        },
        "coronal": {
          "auc": [
            0.8103254769921436,
            0.7295041998019866,
            0.8795964761319786
          ],
          "sensitivity": [
            0.6666666666666666,
            0.5357142857142857,
            0.7884868421052631
          ],
          "specificity": [
            0.7575757575757576,
            0.637924787606197,
            0.859375
          ],
          "f1": [
            0.6792452830188679,
            0.5655928214180641,
            0.7716604503384444
          ]
        },
        "sagittal": {
          "auc": [
            0.9579124579124579,
            0.9222316632958706,
            0.9865763362794612
          ],
          "sensitivity": [
            0.7777777777777778,
            0.6666666666666666,
            0.8775510204081632
          ],
          "specificity": [
            0.9696969696969697,
            0.921875,
            1.0
          ],
          "f1": [
            0.8571428571428571,
            0.7777777777777778,
            0.9230769230769231
          ]
        }
      },
      "fused": {
        "auc": [
          0.9225589225589226,
          0.8698296814545216,
          0.9620552624458875
        ],
        "sensitivity": [
          0.7037037037037037,
          0.5799736842105263,
          0.8181818181818182
        ],
        "specificity": [
          0.9242424242424242,
          0.86106220657277,
          0.9830508474576272
        ],
        "f1": [
          0.7835051546391752,
          0.6829124820659972,
          0.864242077128675
        ]
      }
    },
    "baseline_cropped": {
      "threshold": 0.5,
      "per_plane": {
        "axial": {
          "auc": [
            0.9228395061728395,
            0.8769787581699346,
            0.9627674353987218
          ],
          "sensitivity": [
            0.6851851851851852,
            0.5659996956786366,
            0.8070344129554655
          ],
          "specificity": [
            0.9090909090909091,
            0.8412202380952382,
            0.9696969696969697
          ],
          "f1": [
            0.7628865979381443,
            0.6666666666666666,
            0.8506066411238824
          ]
        },
        "coronal": {
          "auc": [
            0.8731762065095399,
            0.8044323442760943,
            0.9307259991726167
          ],
          "sensitivity": [
            0.9444444444444444,
            0.873008658008658,
            1.0
          ],
          "specificity": [
            0.45454545454545453,
            0.328125,
            0.5758002560819462
          ],
          "f1": [
            0.723404255319149,
            0.6363636363636364,
            0.7973914565826331
          ]
        },
        "sagittal": {
          "auc": [
            0.9475308641975309,
            0.9070669962532775,
            0.9771727850556646
          ],
          "sensitivity": [
            0.8333333333333334,
            0.7291578389830509,
            0.9253869541182974
          ],
          "specificity": [
            0.8939393939393939,
            0.8095063025210084,
            0.9636363636363636
          ],
          "f1": [
            0.8490566037735849,
            0.7722772277227723,
            0.9166666666666666
          ]
        }
      },
      "fused": {
        "auc": [
          0.9450056116722784,
          0.8991252232142857,
          0.9786179002196609
        ],
        "sensitivity": [
          0.8518518518518519,
          0.7547169811320755,
          0.937531887755102
        ],
        "specificity": [
          0.8939393939393939,
          0.8103448275862069,
          0.9608031674208145
        ],
        "f1": [
          0.8598130841121495,
          0.7796431757359501,
          0.9203539823008849
        ]
      }
    }
  },
  "matrix_2x2": {
    "cells_fused_auc": {
      "baseline_uncropped": 0.9225589225589226,
      "baseline_cropped": 0.9450056116722784,
      "comparative_uncropped": null,
      "comparative_cropped": null
    },
    "effects": {
      "note": "Full 2x2 effects need all four cells (comparative requires Role 3)."
    }
  }
}