{
  "condition": "abnormal",
  "modes": {
    "baseline_uncropped": {
      "threshold": 0.5,
      "per_plane": {
        "axial": {
          "auc": [
            0.8223157894736842,
            0.7205587378384792,
            0.9078295987493485
          ],
          "sensitivity": [
            0.8,
            0.7070569828722003,
            0.8804347826086957
          ],
          "specificity": [
            0.68,
            0.48,
            0.8572660098522166
          ],
          "f1": [
            0.8491620111731844,
            0.7840792796384901,
            0.8994841269841269
          ]
        },
        "coronal": {
          "auc": [
            0.7823157894736842,
            0.6736021241221867,
            0.8765506607261926
          ],
          "sensitivity": [
            0.9578947368421052,
            0.9081632653061225,
            0.98989898989899
          ],
          "specificity": [
            0.4,
            0.2,
            0.6
          ],
          "f1": [
            0.9054726368159204,
            0.8588203324808183,
            0.9458128078817734
          ]
        },
        "sagittal": {
          "auc": [
            0.9098947368421052,
            0.8517136309069082,
            0.9576768194204321
          ],
          "sensitivity": [
            0.968421052631579,
            0.9299852941176471,
            1.0
          ],
          "specificity": [
            0.44,
            0.25,
            0.64
          ],
          "f1": [
            0.9154228855721394,
            0.8730775461712927,
            0.9523809523809523
          ]
        }
      },
      "fused": {
        "auc": [
          0.8749473684210526,
          0.8027739656284919,
          0.9364601820428082
        ],
        "sensitivity": [
          0.9473684210526315,
          0.9031941808981657,
          0.9891333567087424
        ],
        "specificity": [
          0.44,
          0.22723607038123167,
          0.6316985645933013
        ],
        "f1": [
          0.9045226130653267,
          0.8615025906735752,
          0.9434224318658281
        ]
      }
    },
    "baseline_cropped": {
      "threshold": 0.5,
      "per_plane": {
        "axial": {
          "auc": [
            0.8593684210526317,
            0.7700431929298321,
            0.9305127225139271
          ],
          "sensitivity": [
            0.9157894736842105,
            0.8514480198019801,
            0.9690721649484536
          ],
          "specificity": [
            0.44,
            0.25,
            0.6316228070175438
          ],
          "f1": [
            0.8877551020408163,
            0.8342023172905526,
            0.9296053549016873
          ]
        },
        "coronal": {
          "auc": [
            0.7869473684210526,
            0.6643982698065325,
            0.8777714250704318
          ],
          "sensitivity": [
            0.8631578947368421,
            0.787213385664119,
            0.9247311827956989
          ],
          "specificity": [
            0.56,
            0.3665909090909091,
            0.75
          ],
          "f1": [
            0.8723404255319149,
            0.8176795580110497,
            0.9175257731958762
          ]
        },
        "sagittal": {
          "auc": [
            0.9322105263157895,
            0.8668186707216815,
            0.9810631578947369
          ],
          "sensitivity": [
            0.9894736842105263,
            0.9666666666666667,
            1.0
          ],
          "specificity": [
            0.52,
            0.3333333333333333,
            0.7144285714285713
          ],
          "f1": [
            0.9353233830845771,
            0.900523560209424,
            0.9668400749476468
          ]
        }
      },
      "fused": {
        "auc": [
          0.9010526315789473,
          0.8327588848039215,
          0.9541750722471137
        ],
        "sensitivity": [
          0.968421052631579,
          0.9278350515463918,
          1.0
        ],
        "specificity": [
          0.44,
          0.25,
          0.6538461538461539
        ],
        "f1": [
          0.9154228855721394,
          0.8743546680772283,
          0.9565217391304348
        ]
      }
    }
  },
  "matrix_2x2": {
    "cells_fused_auc": {
      "baseline_uncropped": 0.8749473684210526,
      "baseline_cropped": 0.9010526315789473,
      "comparative_uncropped": null,
      "comparative_cropped": null
    },
    "effects": {
      "note": "Full 2x2 effects need all four cells (comparative requires Role 3)."
    }
  }
}